USE lol;

DESC champion;
DESC game;
DESC game_history;
DESC user;

SELECT * FROM champion;
SELECT * FROM game;
SELECT * FROM game_history;
SELECT * FROM user;

-- 챔피온 정보 추가
INSERT INTO champion (champ_name, role) VALUES
('녹턴', '암살자'),
('비에고', '암살자'),
('카사딘', '암살자'),
('가렌', '전사'),
('나서스', '전사'),
('니코', '마법사'),
('직스', '마법사'),
('피들스틱', '마법사'),
('그레이브즈', '원거리딜러'),
('미스 포츈', '원거리딜러'),
('애쉬', '원거리딜러'),
('티모', '원거리딜러'),
('케이틀린', '원거리딜러'),
('세나', '원거리딜러'),
('나미', '서포터'),
('갈리오', '탱커');

-- 게임 정보 추가
INSERT INTO game (game_id, start_time, end_time) VALUES
(1, '2022-10-06 12:10:25', '2022-10-06 12:32:22'),
(2, '2022-10-07 15:23:34', '2022-10-07 15:50:23');

-- 유저 정보 추가
INSERT INTO user VALUES
('Ddukbul04', 'Ddukbul04', 'loislois234', 30, 'Silver 3', '2022-10-06 12:32:22'),
('아마존물타기', '아마존물타기', 'whatever3242', 30, 'Silver 2', '2022-10-20 15:35:25'),
('꽉잡아주네', '꽉잡아주네', 'whatsupp32', 30, 'Gold 4', '2022-10-23 17:25:53'),
('배고픈심해어', '배고픈심해어', 'ggwp234', 30, 'Gold 2', '2022-10-30 19:23:45'),
('LoL Nihilism', 'LoL Nihilism', 'abcd324', 30, 'Silver 3', '2022-10-06 12:32:22'),
('듀 해봐 듀', '듀 해봐 듀', 'hello2623', 30, 'Silver 2', '2022-10-20 15:35:25'),
('인벤따위보지않아', '인벤따위보지않아', 'bye253', 30, 'Gold 4', '2022-10-23 17:25:53'),
('미간폭격기', '미간폭격기', 'naver23', 30, 'Gold 2', '2022-10-30 19:23:45'),
('말걸지 마세오', '말걸지 마세오', 'kakao15', 30, 'Gold 4', '2022-10-23 17:25:53'),
('레전드의 극', '레전드의 극', 'java12', 30, 'Gold 2', '2022-10-30 19:23:45');

-- 게임 히스토리 정보 추가
INSERT INTO game_history (history_id, game_id, user_id, champ_name, team, victory) VALUES
(1, 1, 'Ddukbul04', '직스', 'B', 1),
(2, 1, '아마존물타기', '나서스', 'B', 1),
(3, 1, '꽉잡아주네', '피들스틱', 'B', 1),
(4, 1, '배고픈심해어', '미스 포츈', 'B', 1),
(5, 1, 'LoL Nihilism', '애쉬', 'B', 1),
(6, 1, '듀 해봐 듀', '티모', 'R', 0),
(7, 1, '인벤따위보지않아', '비에고', 'R', 0),
(8, 1, '미간폭격기', '카사딘', 'R', 0),
(9, 1, '말걸지 마세오', '케이틀린', 'R', 0),
(10, 1, '레전드의 극', '세나', 'R', 0);


ROLLBACK;
SELECT @@autocommit;
SET @@AUTOCOMMIT = 0;